<?xml version="1.0" encoding="UTF-8"?>
<project-private xmlns="http://www.netbeans.org/ns/project-private/1">
    <editor-bookmarks xmlns="http://www.netbeans.org/ns/editor-bookmarks/2" lastBookmarkId="0"/>
    <open-files xmlns="http://www.netbeans.org/ns/projectui-open-files/2">
        <group>
            <file>file:/C:/Users/arjun/Downloads/bloodbank-20200522T150312Z-001/bloodbank/src/bloodbank/search.java</file>
            <file>file:/C:/Users/arjun/Downloads/bloodbank-20200522T150312Z-001/bloodbank/src/bloodbank/search2.java</file>
            <file>file:/C:/Users/arjun/Downloads/bloodbank-20200522T150312Z-001/bloodbank/src/bloodbank/packets.java</file>
            <file>file:/C:/Users/arjun/Downloads/bloodbank-20200522T150312Z-001/bloodbank/src/bloodbank/search3.java</file>
            <file>file:/C:/Users/arjun/Downloads/bloodbank-20200522T150312Z-001/bloodbank/src/bloodbank/search4.java</file>
            <file>file:/C:/Users/arjun/Downloads/bloodbank-20200522T150312Z-001/bloodbank/src/bloodbank/first.java</file>
            <file>file:/C:/Users/arjun/Downloads/bloodbank-20200522T150312Z-001/bloodbank/src/bloodbank/newdonor.java</file>
            <file>file:/C:/Users/arjun/Downloads/bloodbank-20200522T150312Z-001/bloodbank/src/bloodbank/Bloodbank.java</file>
            <file>file:/C:/Users/arjun/Downloads/bloodbank-20200522T150312Z-001/bloodbank/src/bloodbank/sold.java</file>
        </group>
    </open-files>
</project-private>
